state,year,crime_category,population_lakh,cases_reported,crime_rate_per_100k,solved_cases,charge_sheet_rate,women_victim_share,severity_index,yoy_change_pct
Assam,2014,Crimes Against Women,360.0,12985,36.07,8312,60.43,37.71,27.41,0.0
Assam,2015,Crimes Against Women,364.0,14479,39.78,9630,67.24,32.75,33.88,11.51
Assam,2016,Crimes Against Women,367.9,12316,33.48,6953,62.1,35.89,23.98,-14.94
Assam,2017,Crimes Against Women,371.9,14725,39.6,8423,75.22,33.33,34.25,19.56
Assam,2018,Crimes Against Women,375.8,12824,34.12,7728,66.88,30.95,23.41,-12.91
Assam,2019,Crimes Against Women,379.8,15818,41.65,8634,58.41,35.82,34.07,23.35
Assam,2020,Crimes Against Women,383.8,18037,47.0,11316,57.84,33.14,34.38,14.03
Assam,2021,Crimes Against Women,387.7,16854,43.47,9973,61.92,36.38,30.66,-6.56
Assam,2022,Crimes Against Women,391.7,19344,49.39,11170,62.16,39.17,29.86,14.77
Assam,2023,Crimes Against Women,395.6,16716,42.26,10384,64.01,31.86,26.22,-13.59
Assam,2014,Cyber Crime,360.0,7107,19.74,2605,52.12,26.9,18.25,0.0
Assam,2015,Cyber Crime,364.0,8403,23.09,3468,51.4,19.26,10.5,18.24
Assam,2016,Cyber Crime,367.9,7985,21.7,4127,55.14,28.05,14.57,-4.97
Assam,2017,Cyber Crime,371.9,9449,25.41,4597,48.85,16.87,14.78,18.33
Assam,2018,Cyber Crime,375.8,8274,22.02,3949,57.1,20.35,15.36,-12.44
Assam,2019,Cyber Crime,379.8,9172,24.15,4558,48.47,20.37,12.77,10.85
Assam,2020,Cyber Crime,383.8,9149,23.84,4849,56.43,15.91,14.43,-0.25
Assam,2021,Cyber Crime,387.7,11041,28.48,5597,60.29,27.21,11.5,20.68
Assam,2022,Cyber Crime,391.7,10520,26.86,4871,67.32,23.76,12.57,-4.72
Assam,2023,Cyber Crime,395.6,10694,27.03,5518,47.52,22.37,10.92,1.65
Assam,2014,Economic Offences,360.0,6360,17.67,3626,47.85,14.94,20.94,0.0
Assam,2015,Economic Offences,364.0,6593,18.12,3554,58.51,21.89,16.83,3.66
Assam,2016,Economic Offences,367.9,7376,20.05,3874,51.68,21.25,27.09,11.88
Assam,2017,Economic Offences,371.9,8662,23.29,4681,58.79,24.55,22.17,17.43
Assam,2018,Economic Offences,375.8,8326,22.16,4283,65.75,19.13,17.54,-3.88
Assam,2019,Economic Offences,379.8,8290,21.83,2845,46.22,24.02,24.78,-0.43
Assam,2020,Economic Offences,383.8,8961,23.35,4240,68.95,23.17,12.48,8.09
Assam,2021,Economic Offences,387.7,8385,21.63,4980,63.26,22.38,14.09,-6.43
Assam,2022,Economic Offences,391.7,8182,20.89,4557,60.21,15.5,16.82,-2.42
Assam,2023,Economic Offences,395.6,9629,24.34,5010,53.92,21.75,17.31,17.69
Assam,2014,Property Crime,360.0,22033,61.2,12184,62.24,24.16,24.15,0.0
Assam,2015,Property Crime,364.0,20880,57.36,13443,57.24,26.84,16.89,-5.23
Assam,2016,Property Crime,367.9,24050,65.37,13612,58.67,17.29,16.94,15.18
Assam,2017,Property Crime,371.9,21904,58.9,11787,43.76,23.86,15.18,-8.92
Assam,2018,Property Crime,375.8,22235,59.17,12224,64.82,17.34,15.04,1.51
Assam,2019,Property Crime,379.8,23816,62.71,12434,60.07,23.78,16.3,7.11
Assam,2020,Property Crime,383.8,25586,66.67,12658,62.65,26.12,10.57,7.43
Assam,2021,Property Crime,387.7,26423,68.15,14778,61.64,23.16,16.49,3.27
Assam,2022,Property Crime,391.7,27581,70.42,15535,51.78,23.68,27.04,4.38
Assam,2023,Property Crime,395.6,26660,67.39,14071,58.4,9.11,11.38,-3.34
Assam,2014,Violent Crime,360.0,8113,22.54,5937,83.74,23.52,30.6,0.0
Assam,2015,Violent Crime,364.0,8355,22.95,4573,76.47,16.17,23.71,2.98
Assam,2016,Violent Crime,367.9,8690,23.62,5517,68.06,26.0,17.95,4.01
Assam,2017,Violent Crime,371.9,8897,23.92,6764,70.63,18.63,27.75,2.38
Assam,2018,Violent Crime,375.8,9636,25.64,6602,69.86,19.63,23.96,8.31
Assam,2019,Violent Crime,379.8,9254,24.37,6153,58.18,28.71,28.0,-3.96
Assam,2020,Violent Crime,383.8,10824,28.2,7034,66.92,19.89,32.9,16.97
Assam,2021,Violent Crime,387.7,9968,25.71,5241,65.05,21.89,35.25,-7.91
Assam,2022,Violent Crime,391.7,10087,25.75,6304,64.0,17.44,26.79,1.19
Assam,2023,Violent Crime,395.6,11890,30.06,8024,74.22,21.69,24.04,17.87
Bihar,2014,Crimes Against Women,1270.0,58011,45.68,37124,74.02,36.43,29.56,0.0
Bihar,2015,Crimes Against Women,1284.0,57735,44.97,35196,67.71,35.81,32.16,-0.48
Bihar,2016,Crimes Against Women,1297.9,69643,53.66,46960,69.84,33.87,35.24,20.63
Bihar,2017,Crimes Against Women,1311.9,70711,53.9,43940,58.11,35.23,23.48,1.53
Bihar,2018,Crimes Against Women,1325.9,65111,49.11,38326,64.42,39.76,26.92,-7.92
Bihar,2019,Crimes Against Women,1339.8,62030,46.3,39299,62.78,37.76,29.11,-4.73
Bihar,2020,Crimes Against Women,1353.8,66375,49.03,42113,59.71,35.8,33.92,7.0
Bihar,2021,Crimes Against Women,1367.8,72713,53.16,47202,66.0,27.93,24.9,9.55
Bihar,2022,Crimes Against Women,1381.8,72220,52.27,49093,57.74,37.77,29.25,-0.68
Bihar,2023,Crimes Against Women,1395.7,69615,49.88,40920,61.72,30.98,28.55,-3.61
Bihar,2014,Cyber Crime,1270.0,32802,25.83,14561,56.01,19.12,20.64,0.0
Bihar,2015,Cyber Crime,1284.0,34459,26.84,17354,59.18,27.49,12.7,5.05
Bihar,2016,Cyber Crime,1297.9,33559,25.86,11608,51.27,23.62,10.44,-2.61
Bihar,2017,Cyber Crime,1311.9,34675,26.43,15424,49.15,27.71,17.45,3.33
Bihar,2018,Cyber Crime,1325.9,37117,27.99,18256,50.06,22.02,12.75,7.04
Bihar,2019,Cyber Crime,1339.8,38518,28.75,16759,58.57,22.92,21.79,3.77
Bihar,2020,Cyber Crime,1353.8,37998,28.07,17867,54.8,25.64,19.03,-1.35
Bihar,2021,Cyber Crime,1367.8,43054,31.48,19386,45.09,15.04,17.25,13.31
Bihar,2022,Cyber Crime,1381.8,42004,30.4,27335,42.67,20.89,17.99,-2.44
Bihar,2023,Cyber Crime,1395.7,39802,28.52,21050,51.13,26.18,13.46,-5.24
Bihar,2014,Economic Offences,1270.0,31352,24.69,17065,63.15,23.47,23.75,0.0
Bihar,2015,Economic Offences,1284.0,30700,23.91,16304,60.36,22.98,18.43,-2.08
Bihar,2016,Economic Offences,1297.9,32195,24.81,17766,51.96,23.75,19.71,4.87
Bihar,2017,Economic Offences,1311.9,35632,27.16,19213,58.4,23.35,15.95,10.68
Bihar,2018,Economic Offences,1325.9,30706,23.16,14990,50.44,15.45,17.33,-13.82
Bihar,2019,Economic Offences,1339.8,35648,26.61,17861,49.71,24.84,19.75,16.09
Bihar,2020,Economic Offences,1353.8,33009,24.38,11873,51.1,34.82,18.09,-7.4
Bihar,2021,Economic Offences,1367.8,38718,28.31,18497,66.31,11.42,14.59,17.3
Bihar,2022,Economic Offences,1381.8,39121,28.31,20626,56.35,18.96,11.57,1.04
Bihar,2023,Economic Offences,1395.7,41303,29.59,20248,47.68,17.25,21.12,5.58
Bihar,2014,Property Crime,1270.0,85594,67.4,41605,53.41,26.57,18.82,0.0
Bihar,2015,Property Crime,1284.0,72721,56.64,34661,59.29,24.94,14.44,-15.04
Bihar,2016,Property Crime,1297.9,89304,68.81,49658,47.46,17.22,25.57,22.8
Bihar,2017,Property Crime,1311.9,92662,70.63,44093,63.02,26.48,14.33,3.76
Bihar,2018,Property Crime,1325.9,106362,80.22,52270,62.5,19.24,15.83,14.78
Bihar,2019,Property Crime,1339.8,97458,72.74,47857,51.97,31.74,26.28,-8.37
Bihar,2020,Property Crime,1353.8,95084,70.24,51276,46.87,14.76,16.76,-2.44
Bihar,2021,Property Crime,1367.8,93033,68.02,48851,49.84,23.75,24.72,-2.16
Bihar,2022,Property Crime,1381.8,95895,69.4,49308,49.63,19.13,16.28,3.08
Bihar,2023,Property Crime,1395.7,116200,83.26,68471,43.63,23.5,28.56,21.17
Bihar,2014,Violent Crime,1270.0,30817,24.27,19222,71.5,21.19,23.67,0.0
Bihar,2015,Violent Crime,1284.0,31008,24.15,18732,61.46,26.53,18.19,0.62
Bihar,2016,Violent Crime,1297.9,37125,28.6,26570,77.41,25.96,25.9,19.73
Bihar,2017,Violent Crime,1311.9,36726,27.99,22622,71.51,22.79,27.56,-1.07
Bihar,2018,Violent Crime,1325.9,36735,27.71,23011,66.59,24.17,21.55,0.02
Bihar,2019,Violent Crime,1339.8,38611,28.82,25310,59.59,25.47,28.99,5.11
Bihar,2020,Violent Crime,1353.8,32801,24.23,21585,69.63,22.94,33.61,-15.05
Bihar,2021,Violent Crime,1367.8,38700,28.29,25744,75.66,23.66,25.21,17.98
Bihar,2022,Violent Crime,1381.8,38970,28.2,26209,72.9,19.17,28.35,0.7
Bihar,2023,Violent Crime,1395.7,39641,28.4,27521,67.29,25.57,20.68,1.72
Delhi,2014,Crimes Against Women,200.0,11158,55.79,6518,65.85,31.48,35.53,0.0
Delhi,2015,Crimes Against Women,202.2,11993,59.32,7297,71.69,29.24,31.79,7.48
Delhi,2016,Crimes Against Women,204.4,11393,55.74,8579,60.34,30.19,34.18,-5.0
Delhi,2017,Crimes Against Women,206.6,14205,68.76,7909,55.51,30.77,30.33,24.68
Delhi,2018,Crimes Against Women,208.8,12078,57.85,7415,67.14,31.18,24.41,-14.97
Delhi,2019,Crimes Against Women,211.0,13523,64.09,8781,58.69,32.56,27.73,11.96
Delhi,2020,Crimes Against Women,213.2,14763,69.24,8731,60.32,36.44,23.85,9.17
Delhi,2021,Crimes Against Women,215.4,13813,64.13,8968,77.09,29.85,36.3,-6.44
Delhi,2022,Crimes Against Women,217.6,16058,73.8,9873,58.98,34.48,34.58,16.25
Delhi,2023,Crimes Against Women,219.8,14525,66.08,9415,70.13,31.52,28.73,-9.55
Delhi,2014,Cyber Crime,200.0,6970,34.85,3629,40.41,23.89,21.82,0.0
Delhi,2015,Cyber Crime,202.2,6541,32.35,3293,44.39,15.29,19.16,-6.15
Delhi,2016,Cyber Crime,204.4,6483,31.72,2723,59.08,23.55,12.07,-0.89
Delhi,2017,Cyber Crime,206.6,6280,30.4,3137,42.35,21.5,14.8,-3.13
Delhi,2018,Cyber Crime,208.8,7727,37.01,4097,48.08,23.15,13.67,23.04
Delhi,2019,Cyber Crime,211.0,6697,31.74,3191,49.95,24.02,15.03,-13.33
Delhi,2020,Cyber Crime,213.2,8519,39.96,4648,46.02,14.35,16.18,27.21
Delhi,2021,Cyber Crime,215.4,7638,35.46,3883,53.09,23.57,14.47,-10.34
Delhi,2022,Cyber Crime,217.6,8444,38.81,3907,42.88,17.29,19.44,10.55
Delhi,2023,Cyber Crime,219.8,8273,37.64,3735,50.15,20.38,16.99,-2.03
Delhi,2014,Economic Offences,200.0,5670,28.35,3343,58.0,18.38,21.47,0.0
Delhi,2015,Economic Offences,202.2,6384,31.57,3906,55.05,30.4,17.1,12.59
Delhi,2016,Economic Offences,204.4,6439,31.5,3419,49.55,16.2,21.89,0.86
Delhi,2017,Economic Offences,206.6,6056,29.32,3276,59.63,30.3,16.24,-5.95
Delhi,2018,Economic Offences,208.8,6899,33.04,3036,55.73,30.9,19.65,13.92
Delhi,2019,Economic Offences,211.0,7358,34.88,3840,57.94,29.71,24.3,6.65
Delhi,2020,Economic Offences,213.2,6692,31.39,3016,56.77,18.32,15.02,-9.05
Delhi,2021,Economic Offences,215.4,7097,32.95,3968,57.63,27.3,8.53,6.05
Delhi,2022,Economic Offences,217.6,7889,36.26,4148,51.27,22.95,15.46,11.16
Delhi,2023,Economic Offences,219.8,8263,37.59,4767,54.02,15.57,21.44,4.74
Delhi,2014,Property Crime,200.0,17832,89.16,9211,51.02,21.9,24.25,0.0
Delhi,2015,Property Crime,202.2,16383,81.03,7108,46.39,20.89,23.62,-8.13
Delhi,2016,Property Crime,204.4,17640,86.3,9463,65.36,15.75,15.34,7.67
Delhi,2017,Property Crime,206.6,18137,87.79,10003,52.88,15.26,22.83,2.82
Delhi,2018,Property Crime,208.8,19314,92.5,8209,57.44,21.0,19.07,6.49
Delhi,2019,Property Crime,211.0,21368,101.27,11486,55.15,17.26,11.14,10.63
Delhi,2020,Property Crime,213.2,17929,84.1,10880,52.78,25.42,19.33,-16.09
Delhi,2021,Property Crime,215.4,20084,93.24,11761,56.35,24.62,24.24,12.02
Delhi,2022,Property Crime,217.6,23230,106.76,14753,40.06,20.45,25.5,15.66
Delhi,2023,Property Crime,219.8,24711,112.43,14461,55.62,26.97,23.34,6.38
Delhi,2014,Violent Crime,200.0,6420,32.1,4163,67.89,24.19,26.83,0.0
Delhi,2015,Violent Crime,202.2,7269,35.95,4590,66.45,10.47,30.75,13.22
Delhi,2016,Violent Crime,204.4,7208,35.27,4694,59.47,23.29,30.77,-0.84
Delhi,2017,Violent Crime,206.6,7255,35.12,4192,76.03,25.88,26.05,0.65
Delhi,2018,Violent Crime,208.8,9149,43.82,6945,67.78,10.54,27.93,26.11
Delhi,2019,Violent Crime,211.0,7081,33.56,4156,76.02,21.92,28.95,-22.6
Delhi,2020,Violent Crime,213.2,8063,37.82,5639,60.41,24.17,27.96,13.87
Delhi,2021,Violent Crime,215.4,8145,37.81,4777,68.92,18.59,25.89,1.02
Delhi,2022,Violent Crime,217.6,8249,37.91,5036,68.35,18.38,24.85,1.28
Delhi,2023,Violent Crime,219.8,9541,43.41,6861,61.93,24.11,24.24,15.66
Gujarat,2014,Crimes Against Women,710.0,33264,46.85,21168,51.5,33.13,29.96,0.0
Gujarat,2015,Crimes Against Women,717.8,32798,45.69,18441,61.75,37.24,35.84,-1.4
Gujarat,2016,Crimes Against Women,725.6,34697,47.82,23809,67.91,38.16,36.48,5.79
Gujarat,2017,Crimes Against Women,733.4,33620,45.84,22217,63.86,38.1,23.55,-3.1
Gujarat,2018,Crimes Against Women,741.2,31121,41.99,18111,68.18,46.29,35.1,-7.43
Gujarat,2019,Crimes Against Women,749.1,37390,49.91,24588,66.27,27.05,35.8,20.14
Gujarat,2020,Crimes Against Women,756.9,35317,46.66,23017,63.95,33.55,33.26,-5.54
Gujarat,2021,Crimes Against Women,764.7,44480,58.17,26668,70.08,31.25,38.75,25.95
Gujarat,2022,Crimes Against Women,772.5,39017,50.51,21614,50.65,44.72,28.22,-12.28
Gujarat,2023,Crimes Against Women,780.3,43161,55.31,26755,68.13,34.15,31.67,10.62
Gujarat,2014,Cyber Crime,710.0,19749,27.82,8625,51.45,18.87,8.0,0.0
Gujarat,2015,Cyber Crime,717.8,21305,29.68,9796,54.86,18.39,10.05,7.88
Gujarat,2016,Cyber Crime,725.6,20222,27.87,10080,42.8,32.69,15.42,-5.08
Gujarat,2017,Cyber Crime,733.4,21577,29.42,10197,50.61,26.92,18.06,6.7
Gujarat,2018,Cyber Crime,741.2,20634,27.84,10138,49.52,26.73,11.32,-4.37
Gujarat,2019,Cyber Crime,749.1,24069,32.13,10620,46.1,22.55,22.28,16.65
Gujarat,2020,Cyber Crime,756.9,23837,31.49,11467,49.72,11.11,14.2,-0.96
Gujarat,2021,Cyber Crime,764.7,25814,33.76,14324,46.36,18.57,15.66,8.29
Gujarat,2022,Cyber Crime,772.5,25794,33.39,11413,49.62,19.45,17.16,-0.08
Gujarat,2023,Cyber Crime,780.3,28644,36.71,9806,51.13,21.36,16.55,11.05
Gujarat,2014,Economic Offences,710.0,15444,21.75,7836,43.36,23.25,22.85,0.0
Gujarat,2015,Economic Offences,717.8,17852,24.87,8800,52.29,24.96,23.1,15.59
Gujarat,2016,Economic Offences,725.6,15217,20.97,9182,52.92,23.43,21.69,-14.76
Gujarat,2017,Economic Offences,733.4,16571,22.6,9111,44.2,23.95,19.58,8.9
Gujarat,2018,Economic Offences,741.2,18084,24.4,9205,49.29,21.07,14.9,9.13
Gujarat,2019,Economic Offences,749.1,18985,25.34,8476,50.25,18.36,20.99,4.98
Gujarat,2020,Economic Offences,756.9,21589,28.52,11477,57.09,19.05,13.73,13.72
Gujarat,2021,Economic Offences,764.7,23458,30.68,10889,58.5,20.88,23.46,8.66
Gujarat,2022,Economic Offences,772.5,20953,27.12,9685,51.13,19.81,21.33,-10.68
Gujarat,2023,Economic Offences,780.3,22830,29.26,11409,55.13,18.32,11.14,8.96
Gujarat,2014,Property Crime,710.0,45261,63.75,22914,49.95,28.71,15.58,0.0
Gujarat,2015,Property Crime,717.8,47457,66.12,26048,56.2,25.16,12.36,4.85
Gujarat,2016,Property Crime,725.6,40796,56.22,22550,53.7,10.36,18.29,-14.04
Gujarat,2017,Property Crime,733.4,48062,65.53,23088,50.1,23.86,33.33,17.81
Gujarat,2018,Property Crime,741.2,57074,77.0,39179,63.82,25.06,21.57,18.75
Gujarat,2019,Property Crime,749.1,68874,91.94,37595,54.73,26.33,15.57,20.67
Gujarat,2020,Property Crime,756.9,62443,82.5,27382,43.94,17.58,23.3,-9.34
Gujarat,2021,Property Crime,764.7,61209,80.04,34229,53.35,22.7,28.45,-1.98
Gujarat,2022,Property Crime,772.5,66261,85.78,35362,63.09,23.13,16.17,8.25
Gujarat,2023,Property Crime,780.3,67643,86.69,37560,44.82,24.58,22.42,2.09
Gujarat,2014,Violent Crime,710.0,19707,27.76,12448,60.08,22.38,29.37,0.0
Gujarat,2015,Violent Crime,717.8,18104,25.22,11889,77.55,22.61,23.53,-8.13
Gujarat,2016,Violent Crime,725.6,20369,28.07,13315,64.49,23.03,29.84,12.51
Gujarat,2017,Violent Crime,733.4,20459,27.9,13828,73.58,21.79,27.96,0.44
Gujarat,2018,Violent Crime,741.2,22754,30.7,15422,70.59,24.24,24.76,11.22
Gujarat,2019,Violent Crime,749.1,20239,27.02,13807,70.17,21.15,27.24,-11.05
Gujarat,2020,Violent Crime,756.9,22713,30.01,16686,70.33,18.41,22.95,12.22
Gujarat,2021,Violent Crime,764.7,25640,33.53,18776,75.07,20.93,29.24,12.89
Gujarat,2022,Violent Crime,772.5,24693,31.97,16681,72.27,8.23,19.05,-3.69
Gujarat,2023,Violent Crime,780.3,27035,34.65,18286,65.45,21.63,31.82,9.48
Karnataka,2014,Crimes Against Women,700.0,35627,50.9,19870,56.21,28.66,30.93,0.0
Karnataka,2015,Crimes Against Women,707.7,36248,51.22,21873,69.68,26.78,24.85,1.74
Karnataka,2016,Crimes Against Women,715.4,40724,56.93,26663,67.95,38.67,35.56,12.35
Karnataka,2017,Crimes Against Women,723.1,40628,56.19,26978,61.77,37.82,30.18,-0.24
Karnataka,2018,Crimes Against Women,730.8,44305,60.63,26008,63.22,37.16,34.35,9.05
Karnataka,2019,Crimes Against Women,738.5,44504,60.26,29115,57.84,29.58,31.75,0.45
Karnataka,2020,Crimes Against Women,746.2,40621,54.44,25518,64.68,30.54,26.81,-8.73
Karnataka,2021,Crimes Against Women,753.9,44417,58.92,26110,69.03,28.13,32.97,9.34
Karnataka,2022,Crimes Against Women,761.6,51863,68.1,30407,56.05,32.87,40.73,16.76
Karnataka,2023,Crimes Against Women,769.3,51091,66.41,26957,69.39,29.62,25.41,-1.49
Karnataka,2014,Cyber Crime,700.0,19299,27.57,7546,43.31,12.79,21.34,0.0
Karnataka,2015,Cyber Crime,707.7,19528,27.59,10704,51.24,16.87,13.66,1.19
Karnataka,2016,Cyber Crime,715.4,24316,33.99,10862,49.9,14.93,25.9,24.52
Karnataka,2017,Cyber Crime,723.1,23801,32.92,10763,58.04,30.27,18.03,-2.12
Karnataka,2018,Cyber Crime,730.8,24532,33.57,13155,49.65,26.8,12.02,3.07
Karnataka,2019,Cyber Crime,738.5,22870,30.97,10326,42.65,20.96,19.55,-6.77
Karnataka,2020,Cyber Crime,746.2,23496,31.49,10040,60.72,23.76,14.45,2.74
Karnataka,2021,Cyber Crime,753.9,20317,26.95,9702,54.77,27.61,12.14,-13.53
Karnataka,2022,Cyber Crime,761.6,26328,34.57,11496,58.35,32.82,18.47,29.59
Karnataka,2023,Cyber Crime,769.3,30538,39.7,13650,47.83,25.89,17.27,15.99
Karnataka,2014,Economic Offences,700.0,16679,23.83,10071,50.52,18.09,19.64,0.0
Karnataka,2015,Economic Offences,707.7,19839,28.03,10140,55.98,24.22,18.28,18.95
Karnataka,2016,Economic Offences,715.4,19521,27.29,10877,55.47,28.48,15.96,-1.6
Karnataka,2017,Economic Offences,723.1,19197,26.55,10526,57.03,31.52,17.67,-1.66
Karnataka,2018,Economic Offences,730.8,21449,29.35,11933,59.82,15.07,21.43,11.73
Karnataka,2019,Economic Offences,738.5,23378,31.66,12573,54.91,25.11,18.92,8.99
Karnataka,2020,Economic Offences,746.2,21100,28.28,11197,56.87,22.37,18.43,-9.74
Karnataka,2021,Economic Offences,753.9,22168,29.4,11825,45.67,23.88,17.21,5.06
Karnataka,2022,Economic Offences,761.6,21068,27.66,10433,43.51,22.54,22.45,-4.96
Karnataka,2023,Economic Offences,769.3,24312,31.6,13155,67.58,20.14,14.2,15.4
Karnataka,2014,Property Crime,700.0,56319,80.46,26754,58.78,28.57,21.2,0.0
Karnataka,2015,Property Crime,707.7,58675,82.91,32434,51.34,15.7,21.55,4.18
Karnataka,2016,Property Crime,715.4,61329,85.73,34862,45.35,16.39,22.41,4.52
Karnataka,2017,Property Crime,723.1,60070,83.07,30941,68.38,26.49,25.93,-2.05
Karnataka,2018,Property Crime,730.8,56957,77.94,33965,65.53,20.57,26.77,-5.18
Karnataka,2019,Property Crime,738.5,63900,86.53,34254,64.18,21.29,23.76,12.19
Karnataka,2020,Property Crime,746.2,67984,91.11,39113,53.36,31.78,13.02,6.39
Karnataka,2021,Property Crime,753.9,65992,87.53,32259,62.96,23.76,18.96,-2.93
Karnataka,2022,Property Crime,761.6,75346,98.93,39576,65.42,22.94,28.31,14.17
Karnataka,2023,Property Crime,769.3,66674,86.67,29287,61.64,18.27,25.58,-11.51
Karnataka,2014,Violent Crime,700.0,23905,34.15,13534,71.87,20.43,23.46,0.0
Karnataka,2015,Violent Crime,707.7,24714,34.92,17947,66.07,23.28,27.59,3.38
Karnataka,2016,Violent Crime,715.4,24466,34.2,15055,69.39,17.85,22.37,-1.0
Karnataka,2017,Violent Crime,723.1,22825,31.57,15819,76.68,22.73,23.66,-6.71
Karnataka,2018,Violent Crime,730.8,24782,33.91,14943,57.78,13.1,28.7,8.57
Karnataka,2019,Violent Crime,738.5,27001,36.56,16805,71.31,15.38,32.98,8.95
Karnataka,2020,Violent Crime,746.2,26483,35.49,19206,65.48,22.91,33.52,-1.92
Karnataka,2021,Violent Crime,753.9,23561,31.25,15607,62.8,22.21,28.32,-11.03
Karnataka,2022,Violent Crime,761.6,27866,36.59,19124,75.86,13.52,31.24,18.27
Karnataka,2023,Violent Crime,769.3,26402,34.32,16884,76.95,21.56,21.95,-5.25
Kerala,2014,Crimes Against Women,360.0,13286,36.91,7823,64.57,33.87,34.23,0.0
Kerala,2015,Crimes Against Women,364.0,15444,42.43,10316,53.6,32.83,31.74,16.24
Kerala,2016,Crimes Against Women,367.9,13398,36.42,8346,66.23,30.77,23.73,-13.25
Kerala,2017,Crimes Against Women,371.9,15973,42.95,10090,62.58,43.52,27.63,19.22
Kerala,2018,Crimes Against Women,375.8,16831,44.79,9119,69.85,40.94,26.8,5.37
Kerala,2019,Crimes Against Women,379.8,17763,46.77,9976,54.75,40.35,29.56,5.54
Kerala,2020,Crimes Against Women,383.8,17731,46.2,11305,75.27,33.51,26.53,-0.18
Kerala,2021,Crimes Against Women,387.7,20154,51.98,10578,63.23,37.87,27.94,13.67
Kerala,2022,Crimes Against Women,391.7,17371,44.35,9497,62.29,31.47,29.33,-13.81
Kerala,2023,Crimes Against Women,395.6,20259,51.21,10696,69.94,32.53,32.41,16.63
Kerala,2014,Cyber Crime,360.0,8947,24.85,4454,53.92,22.16,11.91,0.0
Kerala,2015,Cyber Crime,364.0,8571,23.55,4379,50.28,25.39,12.99,-4.2
Kerala,2016,Cyber Crime,367.9,8496,23.09,3665,55.97,17.82,15.75,-0.88
Kerala,2017,Cyber Crime,371.9,9949,26.75,4995,53.92,24.17,18.19,17.1
Kerala,2018,Cyber Crime,375.8,9701,25.82,4137,46.65,25.0,10.71,-2.49
Kerala,2019,Cyber Crime,379.8,9238,24.32,4430,36.16,23.18,19.22,-4.77
Kerala,2020,Cyber Crime,383.8,9942,25.91,4350,56.16,25.09,14.48,7.62
Kerala,2021,Cyber Crime,387.7,10489,27.06,5085,46.38,18.89,11.57,5.5
Kerala,2022,Cyber Crime,391.7,10722,27.37,4726,65.89,19.21,17.0,2.22
Kerala,2023,Cyber Crime,395.6,10819,27.35,5399,50.76,8.98,9.1,0.9
Kerala,2014,Economic Offences,360.0,7668,21.3,4548,59.53,20.7,18.36,0.0
Kerala,2015,Economic Offences,364.0,6397,17.57,2350,56.8,18.73,20.59,-16.58
Kerala,2016,Economic Offences,367.9,7721,20.99,4050,51.82,18.58,21.57,20.7
Kerala,2017,Economic Offences,371.9,8645,23.25,4071,58.15,28.47,13.96,11.97
Kerala,2018,Economic Offences,375.8,6834,18.19,2980,60.58,19.08,21.66,-20.95
Kerala,2019,Economic Offences,379.8,8556,22.53,4531,51.32,22.06,24.03,25.2
Kerala,2020,Economic Offences,383.8,8607,22.43,4682,53.67,18.6,20.99,0.6
Kerala,2021,Economic Offences,387.7,8589,22.16,4025,43.93,27.45,16.86,-0.21
Kerala,2022,Economic Offences,391.7,9503,24.26,5276,65.32,31.11,18.0,10.64
Kerala,2023,Economic Offences,395.6,10018,25.32,4206,49.41,15.66,18.65,5.42
Kerala,2014,Property Crime,360.0,22151,61.53,11490,56.72,18.6,20.64,0.0
Kerala,2015,Property Crime,364.0,20056,55.1,10197,56.53,19.03,17.17,-9.46
Kerala,2016,Property Crime,367.9,21852,59.4,12643,55.43,24.47,17.41,8.95
Kerala,2017,Property Crime,371.9,25279,67.97,13184,62.44,18.6,19.95,15.68
Kerala,2018,Property Crime,375.8,26411,70.28,14890,40.8,14.91,16.14,4.48
Kerala,2019,Property Crime,379.8,23296,61.34,12893,57.34,24.34,16.95,-11.79
Kerala,2020,Property Crime,383.8,28169,73.4,16640,60.14,19.0,25.82,20.92
Kerala,2021,Property Crime,387.7,26428,68.17,12461,58.84,21.47,16.62,-6.18
Kerala,2022,Property Crime,391.7,28963,73.94,14171,53.81,22.13,16.11,9.59
Kerala,2023,Property Crime,395.6,33130,83.75,17329,54.37,27.84,19.43,14.39
Kerala,2014,Violent Crime,360.0,9456,26.27,6308,69.2,15.7,26.99,0.0
Kerala,2015,Violent Crime,364.0,7510,20.63,5574,65.42,19.88,32.14,-20.58
Kerala,2016,Violent Crime,367.9,8956,24.35,5900,66.85,22.46,21.83,19.25
Kerala,2017,Violent Crime,371.9,9218,24.79,5888,73.97,21.85,22.72,2.93
Kerala,2018,Violent Crime,375.8,10985,29.23,6723,64.08,23.55,21.79,19.17
Kerala,2019,Violent Crime,379.8,8923,23.5,5464,68.14,27.15,24.39,-18.77
Kerala,2020,Violent Crime,383.8,9921,25.85,7473,71.1,23.44,29.32,11.18
Kerala,2021,Violent Crime,387.7,11310,29.17,7337,70.54,18.74,23.66,14.0
Kerala,2022,Violent Crime,391.7,10015,25.57,6240,69.32,19.75,21.6,-11.45
Kerala,2023,Violent Crime,395.6,12931,32.69,9506,64.19,18.67,25.51,29.12
Madhya Pradesh,2014,Crimes Against Women,870.0,36778,42.27,23600,75.3,32.6,32.08,0.0
Madhya Pradesh,2015,Crimes Against Women,879.6,37591,42.74,21777,59.61,38.87,24.46,2.21
Madhya Pradesh,2016,Crimes Against Women,889.1,45036,50.65,29698,67.61,37.5,34.5,19.81
Madhya Pradesh,2017,Crimes Against Women,898.7,43271,48.15,23578,60.77,37.54,33.08,-3.92
Madhya Pradesh,2018,Crimes Against Women,908.3,46939,51.68,29957,64.37,38.15,36.49,8.48
Madhya Pradesh,2019,Crimes Against Women,917.8,52660,57.38,34329,68.85,36.64,30.55,12.19
Madhya Pradesh,2020,Crimes Against Women,927.4,50557,54.51,25769,68.35,31.84,36.49,-3.99
Madhya Pradesh,2021,Crimes Against Women,937.0,48184,51.42,28082,75.41,35.6,29.23,-4.69
Madhya Pradesh,2022,Crimes Against Women,946.6,62692,66.23,43639,69.87,30.14,36.23,30.11
Madhya Pradesh,2023,Crimes Against Women,956.1,59603,62.34,40456,48.66,41.89,37.23,-4.93
Madhya Pradesh,2014,Cyber Crime,870.0,19710,22.66,9115,42.15,13.48,12.6,0.0
Madhya Pradesh,2015,Cyber Crime,879.6,20958,23.83,11693,48.69,26.53,8.42,6.33
Madhya Pradesh,2016,Cyber Crime,889.1,23531,26.47,10177,49.28,26.14,23.53,12.28
Madhya Pradesh,2017,Cyber Crime,898.7,26072,29.01,10922,52.98,20.45,15.8,10.8
Madhya Pradesh,2018,Cyber Crime,908.3,26580,29.26,13297,46.7,11.24,12.2,1.95
Madhya Pradesh,2019,Cyber Crime,917.8,28068,30.58,13678,57.23,24.58,8.8,5.6
Madhya Pradesh,2020,Cyber Crime,927.4,30789,33.2,14051,54.45,22.28,19.25,9.69
Madhya Pradesh,2021,Cyber Crime,937.0,30325,32.36,13388,42.76,17.13,13.7,-1.51
Madhya Pradesh,2022,Cyber Crime,946.6,31367,33.14,16677,60.68,26.67,14.81,3.44
Madhya Pradesh,2023,Cyber Crime,956.1,28810,30.13,14711,59.46,25.53,16.7,-8.15
Madhya Pradesh,2014,Economic Offences,870.0,17838,20.5,9391,50.49,16.25,10.28,0.0
Madhya Pradesh,2015,Economic Offences,879.6,21533,24.48,10064,57.88,22.85,16.15,20.71
Madhya Pradesh,2016,Economic Offences,889.1,21628,24.33,10869,56.85,30.89,21.53,0.44
Madhya Pradesh,2017,Economic Offences,898.7,25207,28.05,11755,61.29,22.32,19.8,16.55
Madhya Pradesh,2018,Economic Offences,908.3,25762,28.36,13448,55.72,21.11,15.71,2.2
Madhya Pradesh,2019,Economic Offences,917.8,25804,28.12,13003,72.55,21.03,14.75,0.16
Madhya Pradesh,2020,Economic Offences,927.4,25856,27.88,15341,53.37,11.93,17.87,0.2
Madhya Pradesh,2021,Economic Offences,937.0,26481,28.26,15910,59.12,21.68,13.77,2.42
Madhya Pradesh,2022,Economic Offences,946.6,22829,24.12,11538,40.31,20.11,22.72,-13.79
Madhya Pradesh,2023,Economic Offences,956.1,29440,30.79,14575,56.71,25.33,13.69,28.96
Madhya Pradesh,2014,Property Crime,870.0,64535,74.18,39049,67.06,20.92,13.96,0.0
Madhya Pradesh,2015,Property Crime,879.6,63342,72.01,34402,51.37,25.61,19.88,-1.85
Madhya Pradesh,2016,Property Crime,889.1,64782,72.86,35321,54.73,17.69,8.0,2.27
Madhya Pradesh,2017,Property Crime,898.7,59499,66.21,26605,44.18,19.94,27.79,-8.16
Madhya Pradesh,2018,Property Crime,908.3,73996,81.47,44802,60.3,19.91,30.53,24.37
Madhya Pradesh,2019,Property Crime,917.8,76384,83.23,40063,58.59,20.55,14.92,3.23
Madhya Pradesh,2020,Property Crime,927.4,76624,82.62,39642,61.55,17.6,16.28,0.31
Madhya Pradesh,2021,Property Crime,937.0,83735,89.37,46012,48.57,17.5,20.68,9.28
Madhya Pradesh,2022,Property Crime,946.6,79562,84.05,34282,46.87,21.92,23.39,-4.98
Madhya Pradesh,2023,Property Crime,956.1,86058,90.01,46537,64.51,30.32,23.56,8.16
Madhya Pradesh,2014,Violent Crime,870.0,23371,26.86,16019,64.22,24.61,24.61,0.0
Madhya Pradesh,2015,Violent Crime,879.6,27469,31.23,15846,61.46,21.81,27.43,17.53
Madhya Pradesh,2016,Violent Crime,889.1,29814,33.53,19555,75.36,15.18,26.15,8.54
Madhya Pradesh,2017,Violent Crime,898.7,29682,33.03,17641,70.5,23.92,28.75,-0.44
Madhya Pradesh,2018,Violent Crime,908.3,30035,33.07,19639,70.59,25.26,29.37,1.19
Madhya Pradesh,2019,Violent Crime,917.8,31592,34.42,18950,68.8,23.33,18.52,5.18
Madhya Pradesh,2020,Violent Crime,927.4,28579,30.82,20981,65.84,10.0,32.45,-9.54
Madhya Pradesh,2021,Violent Crime,937.0,31637,33.76,20406,66.45,29.58,26.38,10.7
Madhya Pradesh,2022,Violent Crime,946.6,27151,28.68,17506,68.58,14.06,20.89,-14.18
Madhya Pradesh,2023,Violent Crime,956.1,32514,34.01,24159,69.27,22.74,25.84,19.75
Maharashtra,2014,Crimes Against Women,1240.0,64760,52.23,41299,64.74,35.37,26.35,0.0
Maharashtra,2015,Crimes Against Women,1253.6,81279,64.84,48848,67.41,30.24,27.43,25.51
Maharashtra,2016,Crimes Against Women,1267.3,73456,57.96,40424,57.7,32.5,28.56,-9.62
Maharashtra,2017,Crimes Against Women,1280.9,85657,66.87,55148,63.93,33.62,31.86,16.61
Maharashtra,2018,Crimes Against Women,1294.6,86319,66.68,52750,61.43,30.76,41.52,0.77
Maharashtra,2019,Crimes Against Women,1308.2,83119,63.54,52764,60.81,28.39,29.1,-3.71
Maharashtra,2020,Crimes Against Women,1321.8,99355,75.17,57146,67.5,28.65,32.49,19.53
Maharashtra,2021,Crimes Against Women,1335.5,96457,72.23,55226,70.49,29.96,27.11,-2.92
Maharashtra,2022,Crimes Against Women,1349.1,93110,69.02,54039,64.24,33.03,37.23,-3.47
Maharashtra,2023,Crimes Against Women,1362.8,99760,73.2,51377,71.65,34.1,38.4,7.14
Maharashtra,2014,Cyber Crime,1240.0,39743,32.05,18735,54.03,20.69,14.61,0.0
Maharashtra,2015,Cyber Crime,1253.6,41176,32.85,17285,59.77,30.83,14.37,3.61
Maharashtra,2016,Cyber Crime,1267.3,43819,34.58,16856,50.4,30.5,14.41,6.42
Maharashtra,2017,Cyber Crime,1280.9,44632,34.84,20754,58.78,29.65,18.66,1.86
Maharashtra,2018,Cyber Crime,1294.6,47451,36.65,23487,57.34,24.83,11.3,6.32
Maharashtra,2019,Cyber Crime,1308.2,42940,32.82,20800,42.98,12.24,17.18,-9.51
Maharashtra,2020,Cyber Crime,1321.8,48216,36.48,24136,62.16,14.51,18.12,12.29
Maharashtra,2021,Cyber Crime,1335.5,45898,34.37,18887,55.39,20.71,20.46,-4.81
Maharashtra,2022,Cyber Crime,1349.1,50645,37.54,23507,54.56,20.5,18.26,10.34
Maharashtra,2023,Cyber Crime,1362.8,62961,46.2,33826,48.92,19.37,18.74,24.32
Maharashtra,2014,Economic Offences,1240.0,42414,34.2,22382,52.68,32.15,19.7,0.0
Maharashtra,2015,Economic Offences,1253.6,33321,26.58,17965,68.49,23.35,16.7,-21.44
Maharashtra,2016,Economic Offences,1267.3,45280,35.73,22905,55.65,29.19,26.12,35.89
Maharashtra,2017,Economic Offences,1280.9,41765,32.61,26437,60.21,20.29,17.77,-7.76
Maharashtra,2018,Economic Offences,1294.6,42138,32.55,20129,58.82,22.65,19.35,0.89
Maharashtra,2019,Economic Offences,1308.2,43204,33.03,21875,50.06,20.59,13.57,2.53
Maharashtra,2020,Economic Offences,1321.8,43598,32.98,23090,54.45,26.77,15.95,0.91
Maharashtra,2021,Economic Offences,1335.5,56228,42.1,23866,58.82,26.69,21.6,28.97
Maharashtra,2022,Economic Offences,1349.1,50605,37.51,30718,53.68,20.86,16.2,-10.0
Maharashtra,2023,Economic Offences,1362.8,46715,34.28,27300,51.47,21.46,14.29,-7.69
Maharashtra,2014,Property Crime,1240.0,109192,88.06,58958,46.47,27.09,23.98,0.0
Maharashtra,2015,Property Crime,1253.6,106722,85.13,63352,47.09,24.68,12.9,-2.26
Maharashtra,2016,Property Crime,1267.3,114909,90.67,53806,60.01,21.53,26.73,7.67
Maharashtra,2017,Property Crime,1280.9,128651,100.44,75224,59.49,17.38,22.56,11.96
Maharashtra,2018,Property Crime,1294.6,120973,93.44,73955,57.94,30.59,20.52,-5.97
Maharashtra,2019,Property Crime,1308.2,124823,95.42,65143,53.87,23.05,18.32,3.18
Maharashtra,2020,Property Crime,1321.8,154570,116.94,71440,61.55,28.03,29.63,23.83
Maharashtra,2021,Property Crime,1335.5,135246,101.27,75638,58.8,28.1,23.93,-12.5
Maharashtra,2022,Property Crime,1349.1,154557,114.56,85780,61.86,19.78,24.68,14.28
Maharashtra,2023,Property Crime,1362.8,148697,109.11,76436,62.84,22.49,26.17,-3.79
Maharashtra,2014,Violent Crime,1240.0,48758,39.32,31044,69.2,24.04,24.46,0.0
Maharashtra,2015,Violent Crime,1253.6,39456,31.47,25241,55.27,27.25,24.83,-19.08
Maharashtra,2016,Violent Crime,1267.3,53443,42.17,35906,69.61,23.26,27.49,35.45
Maharashtra,2017,Violent Crime,1280.9,47274,36.91,31985,73.41,21.04,20.16,-11.54
Maharashtra,2018,Violent Crime,1294.6,46414,35.85,31502,71.35,14.78,29.07,-1.82
Maharashtra,2019,Violent Crime,1308.2,54884,41.95,37564,71.17,26.82,29.13,18.25
Maharashtra,2020,Violent Crime,1321.8,53536,40.5,30532,67.84,25.49,32.15,-2.46
Maharashtra,2021,Violent Crime,1335.5,54742,40.99,38760,72.36,15.38,30.52,2.25
Maharashtra,2022,Violent Crime,1349.1,49493,36.69,35177,60.35,15.28,25.79,-9.59
Maharashtra,2023,Violent Crime,1362.8,59205,43.44,41096,64.56,21.75,31.08,19.62
Odisha,2014,Crimes Against Women,470.0,18473,39.31,10464,68.69,35.18,30.07,0.0
Odisha,2015,Crimes Against Women,475.2,18385,38.69,11565,74.18,35.6,34.31,-0.48
Odisha,2016,Crimes Against Women,480.3,21373,44.5,13974,61.32,36.43,25.22,16.25
Odisha,2017,Crimes Against Women,485.5,19846,40.88,8716,59.37,36.89,29.09,-7.14
Odisha,2018,Crimes Against Women,490.7,22652,46.16,13144,67.76,26.12,31.5,14.14
Odisha,2019,Crimes Against Women,495.8,19762,39.86,10370,72.4,28.81,33.88,-12.76
Odisha,2020,Crimes Against Women,501.0,19762,39.45,12149,66.52,32.03,25.83,0.0
Odisha,2021,Crimes Against Women,506.2,27272,53.88,16159,69.62,33.85,26.88,38.0
Odisha,2022,Crimes Against Women,511.4,23921,46.78,15576,70.89,27.26,33.63,-12.29
Odisha,2023,Crimes Against Women,516.5,25064,48.53,15375,65.03,41.78,40.02,4.78
Odisha,2014,Cyber Crime,470.0,10590,22.53,4148,53.28,21.07,8.0,0.0
Odisha,2015,Cyber Crime,475.2,11016,23.18,6099,49.33,17.07,13.91,4.02
Odisha,2016,Cyber Crime,480.3,11488,23.92,6281,49.17,23.03,13.05,4.28
Odisha,2017,Cyber Crime,485.5,11019,22.7,4300,57.6,31.37,19.37,-4.08
Odisha,2018,Cyber Crime,490.7,12432,25.34,5816,51.77,11.93,14.65,12.82
Odisha,2019,Cyber Crime,495.8,15274,30.81,8090,48.81,25.72,19.21,22.86
Odisha,2020,Cyber Crime,501.0,12287,24.53,6472,49.2,19.65,14.85,-19.56
Odisha,2021,Cyber Crime,506.2,13692,27.05,6990,57.1,14.73,8.0,11.43
Odisha,2022,Cyber Crime,511.4,13070,25.56,6614,47.08,23.9,15.93,-4.54
Odisha,2023,Cyber Crime,516.5,15516,30.04,8116,54.53,22.5,12.79,18.71
Odisha,2014,Economic Offences,470.0,10469,22.28,5248,51.87,21.1,17.8,0.0
Odisha,2015,Economic Offences,475.2,11302,23.79,6836,55.05,18.27,26.53,7.96
Odisha,2016,Economic Offences,480.3,10108,21.05,4781,52.18,26.76,26.37,-10.56
Odisha,2017,Economic Offences,485.5,11607,23.91,5537,57.68,22.88,19.25,14.83
Odisha,2018,Economic Offences,490.7,10642,21.69,5744,55.45,32.79,8.0,-8.31
Odisha,2019,Economic Offences,495.8,11805,23.81,5104,58.46,24.47,23.27,10.93
Odisha,2020,Economic Offences,501.0,13226,26.4,7112,48.38,18.68,11.98,12.04
Odisha,2021,Economic Offences,506.2,13353,26.38,7217,63.56,24.76,14.57,0.96
Odisha,2022,Economic Offences,511.4,12265,23.98,6171,55.32,27.75,17.72,-8.15
Odisha,2023,Economic Offences,516.5,13454,26.05,7686,51.03,12.21,18.44,9.69
Odisha,2014,Property Crime,470.0,26258,55.87,13640,59.21,27.82,16.03,0.0
Odisha,2015,Property Crime,475.2,30611,64.42,18233,61.26,26.02,24.66,16.58
Odisha,2016,Property Crime,480.3,28669,59.69,15194,64.37,14.83,17.46,-6.34
Odisha,2017,Property Crime,485.5,32819,67.6,20167,60.49,19.86,21.53,14.48
Odisha,2018,Property Crime,490.7,30285,61.72,14817,58.72,26.54,18.88,-7.72
Odisha,2019,Property Crime,495.8,28456,57.39,13319,51.3,29.23,13.64,-6.04
Odisha,2020,Property Crime,501.0,36404,72.66,22341,58.72,27.5,15.26,27.93
Odisha,2021,Property Crime,506.2,34600,68.35,20332,59.98,15.86,15.08,-4.96
Odisha,2022,Property Crime,511.4,32574,63.7,16904,57.78,26.59,17.54,-5.86
Odisha,2023,Property Crime,516.5,36541,70.75,20569,65.24,20.49,27.04,12.18
Odisha,2014,Violent Crime,470.0,11830,25.17,7541,68.06,11.21,23.21,0.0
Odisha,2015,Violent Crime,475.2,10212,21.49,6922,70.27,18.38,18.09,-13.68
Odisha,2016,Violent Crime,480.3,10519,21.9,5951,56.66,27.46,18.99,3.01
Odisha,2017,Violent Crime,485.5,12164,25.06,7913,66.72,25.51,24.68,15.64
Odisha,2018,Violent Crime,490.7,11006,22.43,7178,70.26,19.73,19.75,-9.52
Odisha,2019,Violent Crime,495.8,11327,22.85,7051,69.13,18.39,22.26,2.92
Odisha,2020,Violent Crime,501.0,13245,26.44,8997,70.85,20.46,32.08,16.93
Odisha,2021,Violent Crime,506.2,11805,23.32,6613,63.53,23.75,28.01,-10.87
Odisha,2022,Violent Crime,511.4,14183,27.74,10034,64.53,22.69,30.44,20.14
Odisha,2023,Violent Crime,516.5,14346,27.78,8546,67.84,21.87,22.04,1.15
Punjab,2014,Crimes Against Women,310.0,12868,41.51,8712,71.4,30.14,26.35,0.0
Punjab,2015,Crimes Against Women,313.4,15025,47.94,9173,73.8,30.78,33.51,16.76
Punjab,2016,Crimes Against Women,316.8,13352,42.15,9004,60.22,37.26,31.56,-11.13
Punjab,2017,Crimes Against Women,320.2,15731,49.13,9116,63.41,26.55,27.81,17.82
Punjab,2018,Crimes Against Women,323.6,15601,48.21,9507,56.2,29.25,35.31,-0.83
Punjab,2019,Crimes Against Women,327.0,16275,49.77,9993,63.77,38.48,38.5,4.32
Punjab,2020,Crimes Against Women,330.5,15180,45.93,8549,65.25,29.31,31.82,-6.73
Punjab,2021,Crimes Against Women,333.9,17335,51.92,11730,65.6,36.44,30.43,14.2
Punjab,2022,Crimes Against Women,337.3,19118,56.68,11031,56.6,40.69,42.52,10.29
Punjab,2023,Crimes Against Women,340.7,15371,45.12,8935,62.49,28.1,31.74,-19.6
Punjab,2014,Cyber Crime,310.0,7035,22.7,2905,49.69,22.33,18.93,0.0
Punjab,2015,Cyber Crime,313.4,8110,25.88,3875,53.02,23.02,19.87,15.28
Punjab,2016,Cyber Crime,316.8,8483,26.78,4003,39.73,25.56,14.82,4.6
Punjab,2017,Cyber Crime,320.2,8230,25.7,4400,54.04,24.86,14.44,-2.98
Punjab,2018,Cyber Crime,323.6,8713,26.93,4002,50.24,23.03,9.01,5.87
Punjab,2019,Cyber Crime,327.0,8337,25.5,4507,47.48,22.56,9.9,-4.32
Punjab,2020,Cyber Crime,330.5,7893,23.88,3762,55.92,35.19,8.0,-5.33
Punjab,2021,Cyber Crime,333.9,8925,26.73,4261,38.67,25.72,11.75,13.07
Punjab,2022,Cyber Crime,337.3,9805,29.07,4363,51.92,21.04,17.46,9.86
Punjab,2023,Cyber Crime,340.7,10238,30.05,5266,54.3,20.26,14.51,4.42
Punjab,2014,Economic Offences,310.0,6194,19.98,3146,50.12,25.47,20.53,0.0
Punjab,2015,Economic Offences,313.4,7022,22.41,3208,56.97,18.67,21.38,13.37
Punjab,2016,Economic Offences,316.8,8508,26.86,3658,56.17,23.72,23.22,21.16
Punjab,2017,Economic Offences,320.2,7803,24.37,4037,43.86,21.76,17.52,-8.29
Punjab,2018,Economic Offences,323.6,6807,21.04,4266,48.55,22.98,8.0,-12.76
Punjab,2019,Economic Offences,327.0,8326,25.46,3591,57.12,23.1,13.88,22.32
Punjab,2020,Economic Offences,330.5,8733,26.42,4188,54.21,29.79,22.08,4.89
Punjab,2021,Economic Offences,333.9,7927,23.74,3352,53.57,19.04,8.74,-9.23
Punjab,2022,Economic Offences,337.3,8243,24.44,3895,47.58,21.77,18.77,3.99
Punjab,2023,Economic Offences,340.7,9882,29.01,4883,49.08,17.63,19.8,19.88
Punjab,2014,Property Crime,310.0,17755,57.28,9731,57.77,28.51,17.36,0.0
Punjab,2015,Property Crime,313.4,20000,63.82,10037,63.92,8.68,21.5,12.64
Punjab,2016,Property Crime,316.8,21087,66.56,10583,61.73,19.25,17.63,5.44
Punjab,2017,Property Crime,320.2,21207,66.23,11855,48.91,19.28,18.23,0.57
Punjab,2018,Property Crime,323.6,20982,64.84,12452,55.35,20.68,23.38,-1.06
Punjab,2019,Property Crime,327.0,26771,81.87,15459,52.48,23.63,9.06,27.59
Punjab,2020,Property Crime,330.5,23881,72.26,13180,54.93,23.63,16.74,-10.8
Punjab,2021,Property Crime,333.9,23509,70.41,11818,60.41,17.87,13.82,-1.56
Punjab,2022,Property Crime,337.3,23185,68.74,12543,54.66,16.1,22.77,-1.38
Punjab,2023,Property Crime,340.7,29004,85.13,17171,64.63,17.63,26.38,25.1
Punjab,2014,Violent Crime,310.0,6141,19.81,4201,73.2,28.31,23.02,0.0
Punjab,2015,Violent Crime,313.4,8526,27.21,5744,66.36,24.03,22.24,38.84
Punjab,2016,Violent Crime,316.8,7502,23.68,4285,61.2,22.11,26.63,-12.01
Punjab,2017,Violent Crime,320.2,8095,25.28,5085,77.33,19.86,26.72,7.9
Punjab,2018,Violent Crime,323.6,7895,24.4,5340,67.35,22.02,29.23,-2.47
Punjab,2019,Violent Crime,327.0,8939,27.34,5660,71.81,22.88,24.5,13.22
Punjab,2020,Violent Crime,330.5,8080,24.45,5148,66.9,21.41,22.35,-9.61
Punjab,2021,Violent Crime,333.9,8348,25.0,6351,64.58,23.24,23.7,3.32
Punjab,2022,Violent Crime,337.3,10147,30.09,7443,71.14,27.58,25.04,21.55
Punjab,2023,Violent Crime,340.7,10052,29.5,7036,63.88,18.85,21.06,-0.94
Rajasthan,2014,Crimes Against Women,810.0,36707,45.32,21130,69.18,33.61,32.74,0.0
Rajasthan,2015,Crimes Against Women,818.9,35245,43.04,20983,62.91,35.0,33.99,-3.98
Rajasthan,2016,Crimes Against Women,827.8,37366,45.14,21122,69.82,29.61,31.51,6.02
Rajasthan,2017,Crimes Against Women,836.7,39599,47.33,22661,68.1,35.03,34.5,5.98
Rajasthan,2018,Crimes Against Women,845.6,40513,47.91,23073,68.1,41.24,29.48,2.31
Rajasthan,2019,Crimes Against Women,854.5,41439,48.5,25701,64.8,32.43,27.02,2.29
Rajasthan,2020,Crimes Against Women,863.5,44546,51.59,27839,67.32,32.93,29.71,7.5
Rajasthan,2021,Crimes Against Women,872.4,54815,62.83,31459,58.3,36.16,30.56,23.05
Rajasthan,2022,Crimes Against Women,881.3,46895,53.21,26999,58.8,34.99,35.74,-14.45
Rajasthan,2023,Crimes Against Women,890.2,47561,53.43,25878,57.72,34.58,31.86,1.42
Rajasthan,2014,Cyber Crime,810.0,22405,27.66,11107,51.46,16.57,14.48,0.0
Rajasthan,2015,Cyber Crime,818.9,24208,29.56,12035,41.75,25.39,12.91,8.05
Rajasthan,2016,Cyber Crime,827.8,22487,27.16,11914,60.45,19.08,10.43,-7.11
Rajasthan,2017,Cyber Crime,836.7,25941,31.0,12776,51.54,20.8,15.04,15.36
Rajasthan,2018,Cyber Crime,845.6,25466,30.12,11363,53.85,26.08,20.66,-1.83
Rajasthan,2019,Cyber Crime,854.5,25656,30.02,11967,38.78,24.21,18.38,0.75
Rajasthan,2020,Cyber Crime,863.5,21731,25.17,10474,48.31,21.7,24.71,-15.3
Rajasthan,2021,Cyber Crime,872.4,24122,27.65,12355,54.04,15.89,9.9,11.0
Rajasthan,2022,Cyber Crime,881.3,26545,30.12,13986,52.18,27.94,21.23,10.04
Rajasthan,2023,Cyber Crime,890.2,29456,33.09,13892,56.91,26.98,9.38,10.97
Rajasthan,2014,Economic Offences,810.0,17390,21.47,8582,56.08,23.72,19.29,0.0
Rajasthan,2015,Economic Offences,818.9,19489,23.8,9375,46.57,17.69,19.62,12.07
Rajasthan,2016,Economic Offences,827.8,17408,21.03,8696,55.79,29.35,15.0,-10.68
Rajasthan,2017,Economic Offences,836.7,20142,24.07,11094,50.07,39.5,15.34,15.71
Rajasthan,2018,Economic Offences,845.6,24268,28.7,14624,53.02,13.82,16.45,20.48
Rajasthan,2019,Economic Offences,854.5,22325,26.13,9946,62.98,17.15,20.42,-8.01
Rajasthan,2020,Economic Offences,863.5,24078,27.88,13669,37.05,20.81,17.32,7.85
Rajasthan,2021,Economic Offences,872.4,22573,25.87,12655,60.51,20.62,23.74,-6.25
Rajasthan,2022,Economic Offences,881.3,27106,30.76,12215,60.06,26.96,28.83,20.08
Rajasthan,2023,Economic Offences,890.2,27794,31.22,17205,57.12,20.72,18.62,2.54
Rajasthan,2014,Property Crime,810.0,48748,60.18,26153,51.79,15.37,18.72,0.0
Rajasthan,2015,Property Crime,818.9,56214,68.65,30336,52.43,25.86,17.52,15.32
Rajasthan,2016,Property Crime,827.8,55038,66.49,29941,55.16,20.38,15.68,-2.09
Rajasthan,2017,Property Crime,836.7,61041,72.96,34703,46.98,24.34,14.71,10.91
Rajasthan,2018,Property Crime,845.6,54274,64.18,26438,51.91,20.85,22.03,-11.09
Rajasthan,2019,Property Crime,854.5,59645,69.8,26454,55.58,23.78,24.08,9.9
Rajasthan,2020,Property Crime,863.5,56941,65.94,29738,54.45,14.11,15.36,-4.53
Rajasthan,2021,Property Crime,872.4,65557,75.15,37535,52.11,20.8,15.01,15.13
Rajasthan,2022,Property Crime,881.3,71652,81.3,35629,57.6,18.89,17.98,9.3
Rajasthan,2023,Property Crime,890.2,66530,74.74,32687,47.36,21.17,20.93,-7.15
Rajasthan,2014,Violent Crime,810.0,23055,28.46,13166,68.15,15.36,24.82,0.0
Rajasthan,2015,Violent Crime,818.9,19812,24.19,12305,68.61,12.49,29.45,-14.07
Rajasthan,2016,Violent Crime,827.8,23939,28.92,17886,60.58,22.11,24.99,20.83
Rajasthan,2017,Violent Crime,836.7,23901,28.57,13219,61.4,17.63,23.84,-0.16
Rajasthan,2018,Violent Crime,845.6,23194,27.43,16349,76.01,17.7,19.01,-2.96
Rajasthan,2019,Violent Crime,854.5,24210,28.33,16540,58.57,33.82,35.14,4.38
Rajasthan,2020,Violent Crime,863.5,24270,28.11,16390,67.3,24.3,22.56,0.25
Rajasthan,2021,Violent Crime,872.4,25457,29.18,18285,65.33,25.94,23.69,4.89
Rajasthan,2022,Violent Crime,881.3,27242,30.91,17544,68.48,20.07,28.2,7.01
Rajasthan,2023,Violent Crime,890.2,28911,32.48,18923,59.43,17.73,21.92,6.13
Tamil Nadu,2014,Crimes Against Women,780.0,41171,52.78,28425,63.69,29.4,27.38,0.0
Tamil Nadu,2015,Crimes Against Women,788.6,40757,51.68,26932,65.83,31.98,31.06,-1.01
Tamil Nadu,2016,Crimes Against Women,797.2,39671,49.76,25707,68.75,38.07,31.59,-2.66
Tamil Nadu,2017,Crimes Against Women,805.7,45735,56.76,26855,67.97,30.24,33.14,15.29
Tamil Nadu,2018,Crimes Against Women,814.3,49119,60.32,26428,57.0,23.77,36.05,7.4
Tamil Nadu,2019,Crimes Against Women,822.9,45613,55.43,26291,59.43,37.46,32.35,-7.14
Tamil Nadu,2020,Crimes Against Women,831.5,48483,58.31,26582,62.11,34.7,32.65,6.29
Tamil Nadu,2021,Crimes Against Women,840.1,55455,66.01,36641,70.41,39.44,38.86,14.38
Tamil Nadu,2022,Crimes Against Women,848.6,52792,62.21,34023,57.13,37.22,36.62,-4.8
Tamil Nadu,2023,Crimes Against Women,857.2,52949,61.77,31153,71.5,42.44,31.17,0.3
Tamil Nadu,2014,Cyber Crime,780.0,21276,27.28,10880,52.6,23.2,11.39,0.0
Tamil Nadu,2015,Cyber Crime,788.6,20307,25.75,9755,44.71,19.4,16.48,-4.55
Tamil Nadu,2016,Cyber Crime,797.2,23853,29.92,11276,48.19,23.69,16.21,17.46
Tamil Nadu,2017,Cyber Crime,805.7,24582,30.51,13025,44.4,22.17,21.83,3.06
Tamil Nadu,2018,Cyber Crime,814.3,30263,37.16,15561,48.8,24.25,17.12,23.11
Tamil Nadu,2019,Cyber Crime,822.9,30262,36.78,12683,46.53,13.3,18.23,-0.0
Tamil Nadu,2020,Cyber Crime,831.5,31180,37.5,16633,49.99,26.01,14.82,3.03
Tamil Nadu,2021,Cyber Crime,840.1,31173,37.11,13547,45.57,19.07,16.43,-0.02
Tamil Nadu,2022,Cyber Crime,848.6,30917,36.43,15422,55.66,27.75,20.71,-0.82
Tamil Nadu,2023,Cyber Crime,857.2,36503,42.58,20085,60.51,28.75,10.63,18.07
Tamil Nadu,2014,Economic Offences,780.0,20301,26.03,10280,54.37,22.06,12.82,0.0
Tamil Nadu,2015,Economic Offences,788.6,19939,25.28,11012,55.13,19.95,21.99,-1.78
Tamil Nadu,2016,Economic Offences,797.2,21246,26.65,9816,59.53,11.32,17.24,6.55
Tamil Nadu,2017,Economic Offences,805.7,25174,31.25,15474,44.75,25.5,27.26,18.49
Tamil Nadu,2018,Economic Offences,814.3,23178,28.46,11310,50.65,19.14,15.36,-7.93
Tamil Nadu,2019,Economic Offences,822.9,23029,27.99,13420,48.72,15.68,29.38,-0.64
Tamil Nadu,2020,Economic Offences,831.5,26431,31.79,16233,62.93,20.48,16.62,14.77
Tamil Nadu,2021,Economic Offences,840.1,27276,32.47,14803,54.29,13.28,19.12,3.2
Tamil Nadu,2022,Economic Offences,848.6,25800,30.4,12417,54.65,15.93,20.71,-5.41
Tamil Nadu,2023,Economic Offences,857.2,27598,32.2,15119,52.07,18.86,16.89,6.97
Tamil Nadu,2014,Property Crime,780.0,65161,83.54,34305,53.77,19.45,27.21,0.0
Tamil Nadu,2015,Property Crime,788.6,60819,77.12,30256,64.0,19.83,17.12,-6.66
Tamil Nadu,2016,Property Crime,797.2,63147,79.21,32728,52.0,20.87,21.24,3.83
Tamil Nadu,2017,Property Crime,805.7,61439,76.26,33504,57.33,21.01,17.16,-2.7
Tamil Nadu,2018,Property Crime,814.3,67324,82.68,29873,59.08,21.08,24.52,9.58
Tamil Nadu,2019,Property Crime,822.9,66806,81.18,40080,59.71,23.48,23.48,-0.77
Tamil Nadu,2020,Property Crime,831.5,76925,92.51,43632,55.33,14.55,23.35,15.15
Tamil Nadu,2021,Property Crime,840.1,76222,90.73,41762,56.21,18.29,28.86,-0.91
Tamil Nadu,2022,Property Crime,848.6,74614,87.93,46102,60.74,25.79,19.3,-2.11
Tamil Nadu,2023,Property Crime,857.2,86654,101.09,46141,54.97,20.05,25.81,16.14
Tamil Nadu,2014,Violent Crime,780.0,26817,34.38,17914,67.43,16.62,22.9,0.0
Tamil Nadu,2015,Violent Crime,788.6,25314,32.1,17003,68.55,23.16,30.29,-5.6
Tamil Nadu,2016,Violent Crime,797.2,24931,31.27,15874,59.93,24.19,27.42,-1.51
Tamil Nadu,2017,Violent Crime,805.7,24969,30.99,17548,69.0,17.18,20.72,0.15
Tamil Nadu,2018,Violent Crime,814.3,25450,31.25,17126,78.04,19.54,28.27,1.93
Tamil Nadu,2019,Violent Crime,822.9,26860,32.64,17063,77.34,23.62,23.39,5.54
Tamil Nadu,2020,Violent Crime,831.5,27702,33.32,17530,64.64,21.32,29.89,3.13
Tamil Nadu,2021,Violent Crime,840.1,27986,33.31,17102,69.2,24.11,27.49,1.03
Tamil Nadu,2022,Violent Crime,848.6,34926,41.16,22108,65.25,27.09,28.2,24.8
Tamil Nadu,2023,Violent Crime,857.2,32284,37.66,19776,69.29,27.34,31.63,-7.56
Telangana,2014,Crimes Against Women,400.0,16907,42.27,9323,68.77,31.65,31.24,0.0
Telangana,2015,Crimes Against Women,404.4,19437,48.06,11051,51.9,37.34,38.34,14.96
Telangana,2016,Crimes Against Women,408.8,21244,51.97,12246,70.57,41.09,31.67,9.3
Telangana,2017,Crimes Against Women,413.2,24428,59.12,14557,67.76,32.41,33.43,14.99
Telangana,2018,Crimes Against Women,417.6,25291,60.56,14172,72.58,28.2,31.34,3.53
Telangana,2019,Crimes Against Women,422.0,26075,61.79,17479,72.68,32.59,35.0,3.1
Telangana,2020,Crimes Against Women,426.4,23331,54.72,15029,63.09,32.83,27.34,-10.52
Telangana,2021,Crimes Against Women,430.8,29754,69.07,18543,68.88,36.38,37.29,27.53
Telangana,2022,Crimes Against Women,435.2,23376,53.72,14844,62.22,36.21,27.7,-21.44
Telangana,2023,Crimes Against Women,439.6,26200,59.6,16569,80.82,29.12,35.07,12.08
Telangana,2014,Cyber Crime,400.0,9991,24.98,4539,42.78,18.41,16.23,0.0
Telangana,2015,Cyber Crime,404.4,10364,25.63,4782,57.54,28.1,11.38,3.73
Telangana,2016,Cyber Crime,408.8,11195,27.39,5072,53.36,27.34,14.56,8.02
Telangana,2017,Cyber Crime,413.2,11829,28.63,5018,56.42,23.19,18.3,5.66
Telangana,2018,Cyber Crime,417.6,13850,33.17,6286,50.57,22.98,16.65,17.09
Telangana,2019,Cyber Crime,422.0,13887,32.91,6667,54.93,19.99,17.1,0.27
Telangana,2020,Cyber Crime,426.4,12618,29.59,6475,58.38,20.79,14.57,-9.14
Telangana,2021,Cyber Crime,430.8,12042,27.95,6512,56.9,23.98,20.9,-4.56
Telangana,2022,Cyber Crime,435.2,13129,30.17,6113,61.25,31.42,14.15,9.03
Telangana,2023,Cyber Crime,439.6,14900,33.89,6614,54.52,20.14,13.7,13.49
Telangana,2014,Economic Offences,400.0,8957,22.39,4216,53.54,30.46,20.22,0.0
Telangana,2015,Economic Offences,404.4,11561,28.59,5778,63.34,27.77,17.99,29.07
Telangana,2016,Economic Offences,408.8,10104,24.72,6339,61.03,17.92,12.07,-12.6
Telangana,2017,Economic Offences,413.2,11443,27.7,5906,46.45,29.98,19.91,13.25
Telangana,2018,Economic Offences,417.6,10848,25.98,5642,52.56,24.86,19.12,-5.2
Telangana,2019,Economic Offences,422.0,11016,26.1,6283,52.98,15.84,17.09,1.55
Telangana,2020,Economic Offences,426.4,10756,25.23,6142,64.95,26.74,24.61,-2.36
Telangana,2021,Economic Offences,430.8,12310,28.57,6011,59.18,19.84,23.17,14.45
Telangana,2022,Economic Offences,435.2,14454,33.21,8708,46.95,18.67,17.38,17.42
Telangana,2023,Economic Offences,439.6,13561,30.85,6953,64.8,26.46,22.57,-6.18
Telangana,2014,Property Crime,400.0,29078,72.7,16723,58.25,25.04,16.77,0.0
Telangana,2015,Property Crime,404.4,29932,74.02,19431,51.76,23.97,16.81,2.94
Telangana,2016,Property Crime,408.8,28294,69.21,16610,57.77,12.89,15.12,-5.47
Telangana,2017,Property Crime,413.2,34153,82.65,20962,49.93,20.96,20.33,20.71
Telangana,2018,Property Crime,417.6,36680,87.84,19269,61.4,14.72,22.51,7.4
Telangana,2019,Property Crime,422.0,34374,81.46,16800,52.7,23.34,24.33,-6.29
Telangana,2020,Property Crime,426.4,35993,84.41,16693,67.03,27.57,24.21,4.71
Telangana,2021,Property Crime,430.8,33413,77.56,17218,55.38,18.86,23.77,-7.17
Telangana,2022,Property Crime,435.2,42145,96.84,23048,58.99,12.8,25.62,26.13
Telangana,2023,Property Crime,439.6,42210,96.02,18904,49.43,18.62,25.98,0.15
Telangana,2014,Violent Crime,400.0,12068,30.17,8043,78.17,25.68,25.85,0.0
Telangana,2015,Violent Crime,404.4,10259,25.37,7031,74.9,25.76,20.97,-14.99
Telangana,2016,Violent Crime,408.8,12291,30.07,7925,70.83,31.4,22.86,19.81
Telangana,2017,Violent Crime,413.2,12474,30.19,9029,66.21,21.17,24.66,1.49
Telangana,2018,Violent Crime,417.6,12044,28.84,6670,69.38,25.71,30.51,-3.45
Telangana,2019,Violent Crime,422.0,16134,38.23,11032,68.02,24.32,30.21,33.96
Telangana,2020,Violent Crime,426.4,14498,34.0,8030,61.02,27.37,27.59,-10.14
Telangana,2021,Violent Crime,430.8,14066,32.65,9306,71.73,21.58,33.67,-2.98
Telangana,2022,Violent Crime,435.2,16168,37.15,10385,71.74,22.86,27.14,14.94
Telangana,2023,Violent Crime,439.6,16641,37.86,9434,70.87,21.38,24.66,2.93
Uttar Pradesh,2014,Crimes Against Women,2320.0,139143,59.98,94220,52.24,40.52,37.09,0.0
Uttar Pradesh,2015,Crimes Against Women,2345.5,133138,56.76,72370,60.9,34.31,27.14,-4.32
Uttar Pradesh,2016,Crimes Against Women,2371.0,149548,63.07,100001,49.4,40.37,33.34,12.33
Uttar Pradesh,2017,Crimes Against Women,2396.6,160168,66.83,98780,67.72,38.46,39.99,7.1
Uttar Pradesh,2018,Crimes Against Women,2422.1,140840,58.15,90956,68.28,33.28,36.23,-12.07
Uttar Pradesh,2019,Crimes Against Women,2447.6,176045,71.93,106565,69.75,29.14,40.81,25.0
Uttar Pradesh,2020,Crimes Against Women,2473.1,167892,67.89,105186,59.63,37.25,28.82,-4.63
Uttar Pradesh,2021,Crimes Against Women,2498.6,173730,69.53,108001,60.11,37.24,30.85,3.48
Uttar Pradesh,2022,Crimes Against Women,2524.2,166712,66.05,102297,55.04,29.17,34.5,-4.04
Uttar Pradesh,2023,Crimes Against Women,2549.7,199622,78.29,123737,66.07,32.83,33.38,19.74
Uttar Pradesh,2014,Cyber Crime,2320.0,71470,30.81,33900,51.94,15.78,13.87,0.0
Uttar Pradesh,2015,Cyber Crime,2345.5,82911,35.35,41561,44.42,25.88,12.96,16.01
Uttar Pradesh,2016,Cyber Crime,2371.0,80341,33.89,41408,57.13,16.52,14.22,-3.1
Uttar Pradesh,2017,Cyber Crime,2396.6,84633,35.31,39210,42.12,21.09,19.94,5.34
Uttar Pradesh,2018,Cyber Crime,2422.1,95401,39.39,48433,53.14,24.31,17.07,12.72
Uttar Pradesh,2019,Cyber Crime,2447.6,94803,38.73,50972,58.28,18.82,15.42,-0.63
Uttar Pradesh,2020,Cyber Crime,2473.1,98686,39.9,47841,49.48,18.59,17.33,4.1
Uttar Pradesh,2021,Cyber Crime,2498.6,107109,42.87,52653,41.3,25.8,12.28,8.54
Uttar Pradesh,2022,Cyber Crime,2524.2,96065,38.06,45830,51.36,28.27,20.75,-10.31
Uttar Pradesh,2023,Cyber Crime,2549.7,119984,47.06,59732,44.0,29.45,21.72,24.9
Uttar Pradesh,2014,Economic Offences,2320.0,62086,26.76,27731,57.5,19.91,19.37,0.0
Uttar Pradesh,2015,Economic Offences,2345.5,65614,27.97,33865,47.46,15.77,15.69,5.68
Uttar Pradesh,2016,Economic Offences,2371.0,82327,34.72,41070,50.03,22.22,24.63,25.47
Uttar Pradesh,2017,Economic Offences,2396.6,86447,36.07,43568,53.37,29.36,26.4,5.0
Uttar Pradesh,2018,Economic Offences,2422.1,84588,34.92,38565,54.15,19.78,16.37,-2.15
Uttar Pradesh,2019,Economic Offences,2447.6,88470,36.15,48057,50.21,21.2,20.77,4.59
Uttar Pradesh,2020,Economic Offences,2473.1,93092,37.64,34086,51.44,15.99,23.54,5.22
Uttar Pradesh,2021,Economic Offences,2498.6,88894,35.58,43792,53.9,31.61,20.53,-4.51
Uttar Pradesh,2022,Economic Offences,2524.2,95085,37.67,53981,53.14,15.24,21.97,6.96
Uttar Pradesh,2023,Economic Offences,2549.7,104977,41.17,52654,52.12,19.78,28.33,10.4
Uttar Pradesh,2014,Property Crime,2320.0,222554,95.93,112735,52.1,24.13,18.58,0.0
Uttar Pradesh,2015,Property Crime,2345.5,234761,100.09,146661,58.44,20.82,32.75,5.48
Uttar Pradesh,2016,Property Crime,2371.0,193375,81.56,104816,54.14,16.34,19.32,-17.63
Uttar Pradesh,2017,Property Crime,2396.6,201229,83.96,90206,49.5,17.07,18.55,4.06
Uttar Pradesh,2018,Property Crime,2422.1,230972,95.36,125327,56.17,28.52,21.45,14.78
Uttar Pradesh,2019,Property Crime,2447.6,244349,99.83,159241,53.98,23.25,18.44,5.79
Uttar Pradesh,2020,Property Crime,2473.1,207001,83.7,97581,47.73,18.57,14.0,-15.28
Uttar Pradesh,2021,Property Crime,2498.6,255758,102.36,143682,70.16,26.47,14.69,23.55
Uttar Pradesh,2022,Property Crime,2524.2,265572,105.21,144521,53.73,24.25,28.26,3.84
Uttar Pradesh,2023,Property Crime,2549.7,290932,114.1,150424,62.97,19.48,25.64,9.55
Uttar Pradesh,2014,Violent Crime,2320.0,83438,35.96,51276,75.81,22.43,30.14,0.0
Uttar Pradesh,2015,Violent Crime,2345.5,86544,36.9,55514,69.97,24.37,30.81,3.72
Uttar Pradesh,2016,Violent Crime,2371.0,74676,31.5,51569,63.07,25.83,30.18,-13.71
Uttar Pradesh,2017,Violent Crime,2396.6,87470,36.5,47444,73.1,13.97,23.31,17.13
Uttar Pradesh,2018,Violent Crime,2422.1,101612,41.95,55157,67.68,5.72,30.91,16.17
Uttar Pradesh,2019,Violent Crime,2447.6,96133,39.28,59394,66.39,23.23,29.01,-5.39
Uttar Pradesh,2020,Violent Crime,2473.1,99063,40.06,64862,67.69,22.96,33.3,3.05
Uttar Pradesh,2021,Violent Crime,2498.6,88444,35.4,66429,59.73,32.14,28.85,-10.72
Uttar Pradesh,2022,Violent Crime,2524.2,94744,37.53,61975,64.38,22.13,28.01,7.12
Uttar Pradesh,2023,Violent Crime,2549.7,105733,41.47,72025,69.96,25.58,30.54,11.6
West Bengal,2014,Crimes Against Women,1000.0,49786,49.79,32417,55.07,31.44,35.28,0.0
West Bengal,2015,Crimes Against Women,1011.0,48512,47.98,26387,54.65,41.38,32.25,-2.56
West Bengal,2016,Crimes Against Women,1022.0,51292,50.19,28323,73.0,27.03,32.98,5.73
West Bengal,2017,Crimes Against Women,1033.0,58817,56.94,37733,66.7,36.9,37.22,14.67
West Bengal,2018,Crimes Against Women,1044.0,61333,58.75,34305,68.43,37.16,32.1,4.28
West Bengal,2019,Crimes Against Women,1055.0,51821,49.12,31929,58.43,44.94,29.93,-15.51
West Bengal,2020,Crimes Against Women,1066.0,53981,50.64,32281,64.09,35.28,37.82,4.17
West Bengal,2021,Crimes Against Women,1077.0,48457,44.99,25840,66.57,37.96,26.22,-10.23
West Bengal,2022,Crimes Against Women,1088.0,60379,55.5,34974,58.81,35.1,34.62,24.6
West Bengal,2023,Crimes Against Women,1099.0,62964,57.29,36297,65.77,38.21,33.18,4.28
West Bengal,2014,Cyber Crime,1000.0,29081,29.08,16515,51.89,24.78,11.9,0.0
West Bengal,2015,Cyber Crime,1011.0,25354,25.08,10895,48.91,26.67,8.0,-12.82
West Bengal,2016,Cyber Crime,1022.0,28705,28.09,14640,52.88,27.47,14.01,13.22
West Bengal,2017,Cyber Crime,1033.0,34629,33.52,15355,48.99,17.23,11.13,20.64
West Bengal,2018,Cyber Crime,1044.0,31471,30.15,15831,51.26,13.93,10.54,-9.12
West Bengal,2019,Cyber Crime,1055.0,27467,26.04,14249,55.1,25.25,16.02,-12.72
West Bengal,2020,Cyber Crime,1066.0,41083,38.54,20167,57.0,17.71,16.25,49.57
West Bengal,2021,Cyber Crime,1077.0,40132,37.26,21544,52.96,14.93,12.95,-2.31
West Bengal,2022,Cyber Crime,1088.0,41037,37.72,22618,53.26,21.06,25.61,2.26
West Bengal,2023,Cyber Crime,1099.0,35330,32.15,17861,52.19,20.46,22.11,-13.91
West Bengal,2014,Economic Offences,1000.0,21045,21.05,10549,58.6,13.55,16.42,0.0
West Bengal,2015,Economic Offences,1011.0,28784,28.47,16671,49.47,12.73,27.35,36.77
West Bengal,2016,Economic Offences,1022.0,24546,24.02,13177,59.47,13.8,17.59,-14.72
West Bengal,2017,Economic Offences,1033.0,30739,29.76,15973,52.95,16.88,23.58,25.23
West Bengal,2018,Economic Offences,1044.0,26165,25.06,13881,49.68,21.12,19.0,-14.88
West Bengal,2019,Economic Offences,1055.0,31030,29.41,13726,47.92,19.32,22.01,18.59
West Bengal,2020,Economic Offences,1066.0,31668,29.71,16853,55.23,32.05,16.93,2.06
West Bengal,2021,Economic Offences,1077.0,31830,29.55,19146,56.0,20.49,21.69,0.51
West Bengal,2022,Economic Offences,1088.0,35315,32.46,17973,44.62,23.61,23.55,10.95
West Bengal,2023,Economic Offences,1099.0,31055,28.26,17224,58.63,32.38,18.16,-12.06
West Bengal,2014,Property Crime,1000.0,62173,62.17,36382,55.69,18.57,16.32,0.0
West Bengal,2015,Property Crime,1011.0,81276,80.39,48616,59.04,24.43,13.53,30.73
West Bengal,2016,Property Crime,1022.0,74892,73.28,41045,57.44,25.78,18.05,-7.85
West Bengal,2017,Property Crime,1033.0,88300,85.48,54249,64.62,18.08,20.6,17.9
West Bengal,2018,Property Crime,1044.0,89507,85.74,45062,52.2,20.36,16.4,1.37
West Bengal,2019,Property Crime,1055.0,81459,77.21,36558,54.97,20.59,17.61,-8.99
West Bengal,2020,Property Crime,1066.0,100344,94.13,63548,61.96,26.94,17.4,23.18
West Bengal,2021,Property Crime,1077.0,114046,105.89,76293,47.89,16.65,23.56,13.66
West Bengal,2022,Property Crime,1088.0,90905,83.55,55171,62.39,27.46,29.07,-20.29
West Bengal,2023,Property Crime,1099.0,87074,79.23,44579,56.03,13.01,23.41,-4.21
West Bengal,2014,Violent Crime,1000.0,30049,30.05,19279,68.73,24.55,29.81,0.0
West Bengal,2015,Violent Crime,1011.0,29308,28.99,20648,61.33,27.55,27.36,-2.47
West Bengal,2016,Violent Crime,1022.0,29319,28.69,17672,73.15,22.68,23.41,0.04
West Bengal,2017,Violent Crime,1033.0,27021,26.16,19731,66.34,14.12,22.93,-7.84
West Bengal,2018,Violent Crime,1044.0,31252,29.94,18290,67.39,22.12,29.61,15.66
West Bengal,2019,Violent Crime,1055.0,31831,30.17,20647,67.15,15.82,25.55,1.85
West Bengal,2020,Violent Crime,1066.0,36489,34.23,24608,57.88,27.66,23.19,14.63
West Bengal,2021,Violent Crime,1077.0,39603,36.77,22254,63.73,24.05,26.61,8.53
West Bengal,2022,Violent Crime,1088.0,38982,35.83,25894,65.82,19.9,27.5,-1.57
West Bengal,2023,Violent Crime,1099.0,38743,35.25,25319,72.4,29.18,26.79,-0.61
